input_file,time_limit,task,RTA_WCRT_raw,RTA_WCRT_ceil,max_observed_rt,deadline_misses
tasks/case_ok.csv,200000,T1,1.00,1,1,0
tasks/case_ok.csv,200000,T2,3.00,3,3,0
tasks/case_ok.csv,200000,T3,7.50,8,8,0
tasks\course_tasksets\output\unifast-utilDist\uniform-discrete-perDist\1-core\25-task\0-jitter\0.10-util\tasksets\uniform-discrete_0.csv,200000,T0,11.00,11,11,0
tasks\course_tasksets\output\unifast-utilDist\uniform-discrete-perDist\1-core\25-task\0-jitter\0.10-util\tasksets\uniform-discrete_0.csv,200000,T1,14.00,14,14,0
tasks\course_tasksets\output\unifast-utilDist\uniform-discrete-perDist\1-core\25-task\0-jitter\0.10-util\tasksets\uniform-discrete_0.csv,200000,T2,23.00,23,23,0
tasks\course_tasksets\output\unifast-utilDist\uniform-discrete-perDist\1-core\25-task\0-jitter\0.10-util\tasksets\uniform-discrete_0.csv,200000,T3,56.00,56,56,0
tasks\course_tasksets\output\unifast-utilDist\uniform-discrete-perDist\1-core\25-task\0-jitter\0.10-util\tasksets\uniform-discrete_0.csv,200000,T4,85.00,85,85,0
tasks\course_tasksets\output\unifast-utilDist\uniform-discrete-perDist\1-core\25-task\0-jitter\0.10-util\tasksets\uniform-discrete_0.csv,200000,T5,358.00,358,358,0
tasks\course_tasksets\output\unifast-utilDist\uniform-discrete-perDist\1-core\25-task\0-jitter\0.10-util\tasksets\uniform-discrete_0.csv,200000,T6,441.00,441,441,0
tasks\course_tasksets\output\unifast-utilDist\uniform-discrete-perDist\1-core\25-task\0-jitter\0.10-util\tasksets\uniform-discrete_0.csv,200000,T7,659.00,659,659,0
tasks\course_tasksets\output\unifast-utilDist\uniform-discrete-perDist\1-core\25-task\0-jitter\0.10-util\tasksets\uniform-discrete_0.csv,200000,T8,671.00,671,671,0
tasks\course_tasksets\output\unifast-utilDist\uniform-discrete-perDist\1-core\25-task\0-jitter\0.10-util\tasksets\uniform-discrete_0.csv,200000,T9,792.00,792,792,0
tasks\course_tasksets\output\unifast-utilDist\uniform-discrete-perDist\1-core\25-task\0-jitter\0.10-util\tasksets\uniform-discrete_0.csv,200000,T10,836.00,836,836,0
tasks\course_tasksets\output\unifast-utilDist\uniform-discrete-perDist\1-core\25-task\0-jitter\0.10-util\tasksets\uniform-discrete_0.csv,200000,T11,948.00,948,948,0
tasks\course_tasksets\output\unifast-utilDist\uniform-discrete-perDist\1-core\25-task\0-jitter\0.10-util\tasksets\uniform-discrete_0.csv,200000,T12,1101.00,1101,1101,0
tasks\course_tasksets\output\unifast-utilDist\uniform-discrete-perDist\1-core\25-task\0-jitter\0.10-util\tasksets\uniform-discrete_0.csv,200000,T13,1124.00,1124,1124,0
tasks\course_tasksets\output\unifast-utilDist\uniform-discrete-perDist\1-core\25-task\0-jitter\0.10-util\tasksets\uniform-discrete_0.csv,200000,T14,1160.00,1160,1160,0
tasks\course_tasksets\output\unifast-utilDist\uniform-discrete-perDist\1-core\25-task\0-jitter\0.10-util\tasksets\uniform-discrete_0.csv,200000,T15,1168.00,1168,1168,0
tasks\course_tasksets\output\unifast-utilDist\uniform-discrete-perDist\1-core\25-task\0-jitter\0.10-util\tasksets\uniform-discrete_0.csv,200000,T16,1220.00,1220,1220,0
tasks\course_tasksets\output\unifast-utilDist\uniform-discrete-perDist\1-core\25-task\0-jitter\0.10-util\tasksets\uniform-discrete_0.csv,200000,T17,1309.00,1309,1309,0
tasks\course_tasksets\output\unifast-utilDist\uniform-discrete-perDist\1-core\25-task\0-jitter\0.10-util\tasksets\uniform-discrete_0.csv,200000,T18,1663.00,1663,1663,0
tasks\course_tasksets\output\unifast-utilDist\uniform-discrete-perDist\1-core\25-task\0-jitter\0.10-util\tasksets\uniform-discrete_0.csv,200000,T19,1808.00,1808,1808,0
tasks\course_tasksets\output\unifast-utilDist\uniform-discrete-perDist\1-core\25-task\0-jitter\0.10-util\tasksets\uniform-discrete_0.csv,200000,T20,2051.00,2051,2051,0
tasks\course_tasksets\output\unifast-utilDist\uniform-discrete-perDist\1-core\25-task\0-jitter\0.10-util\tasksets\uniform-discrete_0.csv,200000,T21,2158.00,2158,2158,0
tasks\course_tasksets\output\unifast-utilDist\uniform-discrete-perDist\1-core\25-task\0-jitter\0.10-util\tasksets\uniform-discrete_0.csv,200000,T22,2498.00,2498,2498,0
tasks\course_tasksets\output\unifast-utilDist\uniform-discrete-perDist\1-core\25-task\0-jitter\0.10-util\tasksets\uniform-discrete_0.csv,200000,T23,2782.00,2782,2782,0
tasks\course_tasksets\output\unifast-utilDist\uniform-discrete-perDist\1-core\25-task\0-jitter\0.10-util\tasksets\uniform-discrete_0.csv,200000,T24,3187.00,3187,3187,0
2026-02-10 10:54:33,tasks/case_ok.csv,200000,T1,1.00,1,1,0
2026-02-10 10:54:33,tasks/case_ok.csv,200000,T2,3.00,3,3,0
2026-02-10 10:54:33,tasks/case_ok.csv,200000,T3,7.50,8,8,0
2026-02-10 10:54:47,tasks\course_tasksets\output\unifast-utilDist\uniform-discrete-perDist\1-core\25-task\0-jitter\0.10-util\tasksets\uniform-discrete_0.csv,200000,T0,11.00,11,11,0
2026-02-10 10:54:47,tasks\course_tasksets\output\unifast-utilDist\uniform-discrete-perDist\1-core\25-task\0-jitter\0.10-util\tasksets\uniform-discrete_0.csv,200000,T1,14.00,14,14,0
2026-02-10 10:54:47,tasks\course_tasksets\output\unifast-utilDist\uniform-discrete-perDist\1-core\25-task\0-jitter\0.10-util\tasksets\uniform-discrete_0.csv,200000,T2,23.00,23,23,0
2026-02-10 10:54:47,tasks\course_tasksets\output\unifast-utilDist\uniform-discrete-perDist\1-core\25-task\0-jitter\0.10-util\tasksets\uniform-discrete_0.csv,200000,T3,56.00,56,56,0
2026-02-10 10:54:47,tasks\course_tasksets\output\unifast-utilDist\uniform-discrete-perDist\1-core\25-task\0-jitter\0.10-util\tasksets\uniform-discrete_0.csv,200000,T4,85.00,85,85,0
2026-02-10 10:54:47,tasks\course_tasksets\output\unifast-utilDist\uniform-discrete-perDist\1-core\25-task\0-jitter\0.10-util\tasksets\uniform-discrete_0.csv,200000,T5,358.00,358,358,0
2026-02-10 10:54:47,tasks\course_tasksets\output\unifast-utilDist\uniform-discrete-perDist\1-core\25-task\0-jitter\0.10-util\tasksets\uniform-discrete_0.csv,200000,T6,441.00,441,441,0
2026-02-10 10:54:47,tasks\course_tasksets\output\unifast-utilDist\uniform-discrete-perDist\1-core\25-task\0-jitter\0.10-util\tasksets\uniform-discrete_0.csv,200000,T7,659.00,659,659,0
2026-02-10 10:54:47,tasks\course_tasksets\output\unifast-utilDist\uniform-discrete-perDist\1-core\25-task\0-jitter\0.10-util\tasksets\uniform-discrete_0.csv,200000,T8,671.00,671,671,0
2026-02-10 10:54:47,tasks\course_tasksets\output\unifast-utilDist\uniform-discrete-perDist\1-core\25-task\0-jitter\0.10-util\tasksets\uniform-discrete_0.csv,200000,T9,792.00,792,792,0
2026-02-10 10:54:47,tasks\course_tasksets\output\unifast-utilDist\uniform-discrete-perDist\1-core\25-task\0-jitter\0.10-util\tasksets\uniform-discrete_0.csv,200000,T10,836.00,836,836,0
2026-02-10 10:54:47,tasks\course_tasksets\output\unifast-utilDist\uniform-discrete-perDist\1-core\25-task\0-jitter\0.10-util\tasksets\uniform-discrete_0.csv,200000,T11,948.00,948,948,0
2026-02-10 10:54:47,tasks\course_tasksets\output\unifast-utilDist\uniform-discrete-perDist\1-core\25-task\0-jitter\0.10-util\tasksets\uniform-discrete_0.csv,200000,T12,1101.00,1101,1101,0
2026-02-10 10:54:47,tasks\course_tasksets\output\unifast-utilDist\uniform-discrete-perDist\1-core\25-task\0-jitter\0.10-util\tasksets\uniform-discrete_0.csv,200000,T13,1124.00,1124,1124,0
2026-02-10 10:54:47,tasks\course_tasksets\output\unifast-utilDist\uniform-discrete-perDist\1-core\25-task\0-jitter\0.10-util\tasksets\uniform-discrete_0.csv,200000,T14,1160.00,1160,1160,0
2026-02-10 10:54:47,tasks\course_tasksets\output\unifast-utilDist\uniform-discrete-perDist\1-core\25-task\0-jitter\0.10-util\tasksets\uniform-discrete_0.csv,200000,T15,1168.00,1168,1168,0
2026-02-10 10:54:47,tasks\course_tasksets\output\unifast-utilDist\uniform-discrete-perDist\1-core\25-task\0-jitter\0.10-util\tasksets\uniform-discrete_0.csv,200000,T16,1220.00,1220,1220,0
2026-02-10 10:54:47,tasks\course_tasksets\output\unifast-utilDist\uniform-discrete-perDist\1-core\25-task\0-jitter\0.10-util\tasksets\uniform-discrete_0.csv,200000,T17,1309.00,1309,1309,0
2026-02-10 10:54:47,tasks\course_tasksets\output\unifast-utilDist\uniform-discrete-perDist\1-core\25-task\0-jitter\0.10-util\tasksets\uniform-discrete_0.csv,200000,T18,1663.00,1663,1663,0
2026-02-10 10:54:47,tasks\course_tasksets\output\unifast-utilDist\uniform-discrete-perDist\1-core\25-task\0-jitter\0.10-util\tasksets\uniform-discrete_0.csv,200000,T19,1808.00,1808,1808,0
2026-02-10 10:54:47,tasks\course_tasksets\output\unifast-utilDist\uniform-discrete-perDist\1-core\25-task\0-jitter\0.10-util\tasksets\uniform-discrete_0.csv,200000,T20,2051.00,2051,2051,0
2026-02-10 10:54:47,tasks\course_tasksets\output\unifast-utilDist\uniform-discrete-perDist\1-core\25-task\0-jitter\0.10-util\tasksets\uniform-discrete_0.csv,200000,T21,2158.00,2158,2158,0
2026-02-10 10:54:47,tasks\course_tasksets\output\unifast-utilDist\uniform-discrete-perDist\1-core\25-task\0-jitter\0.10-util\tasksets\uniform-discrete_0.csv,200000,T22,2498.00,2498,2498,0
2026-02-10 10:54:47,tasks\course_tasksets\output\unifast-utilDist\uniform-discrete-perDist\1-core\25-task\0-jitter\0.10-util\tasksets\uniform-discrete_0.csv,200000,T23,2782.00,2782,2782,0
2026-02-10 10:54:47,tasks\course_tasksets\output\unifast-utilDist\uniform-discrete-perDist\1-core\25-task\0-jitter\0.10-util\tasksets\uniform-discrete_0.csv,200000,T24,3187.00,3187,3187,0
2026-02-11 10:31:34,tasks/case_ok.csv,200000,T1,1.00,1,1,0
2026-02-11 10:31:34,tasks/case_ok.csv,200000,T2,3.00,3,3,0
2026-02-11 10:31:34,tasks/case_ok.csv,200000,T3,7.50,8,8,0
